date,ticker,symbol,close,prob_up,prediction,expected_ret,actual_ret,max_ret_in_window,correct
2026-09-25,MOTILALOFS.NS,MOTILALOFS,1022.0,0.6694,STRONG UP,0.0126,,,
2026-09-25,ULTRACEMCO.NS,ULTRACEMCO,11056.0,0.6184,UP,0.0145,,,
2026-09-25,UNOMINDA.NS,UNOMINDA,1224.4,0.612,UP,0.0139,,,
2026-09-25,KARURVYSYA.NS,KARURVYSYA,325.0,0.582,UP,0.0127,,,
2026-09-25,MFSL.NS,MFSL,1410.0,0.5742,UP,0.0099,,,
2026-09-25,LLOYDSME.NS,LLOYDSME,1821.9,0.6384,STRONG UP,0.0139,,,
2026-09-25,VIJAYA.NS,VIJAYA,1526.5,0.6929,STRONG UP,0.0168,,,
2026-09-25,LINDEINDIA.NS,LINDEINDIA,6196.5,0.6383,STRONG UP,0.0176,,,
2026-09-25,LTFOODS.NS,LTFOODS,424.5,0.6504,STRONG UP,0.0148,,,
2026-09-25,LEMONTREE.NS,LEMONTREE,106.72,0.6662,STRONG UP,0.0146,,,
2026-09-25,WOCKPHARMA.NS,WOCKPHARMA,2287.7,0.6136,UP,0.008,,,
2026-09-25,LTTS.NS,LTTS,3209.1001,0.6008,UP,0.0165,,,
2026-09-25,UNITDSPR.NS,UNITDSPR,1423.3,0.598,UP,0.0117,,,
2026-09-25,ZFCVINDIA.NS,ZFCVINDIA,2345.5,0.5989,UP,0.0157,,,
2026-09-25,KEC.NS,KEC,395.4,0.6168,UP,0.0185,,,
2026-09-25,KOTAKBANK.NS,KOTAKBANK,405.0,0.6433,STRONG UP,0.0124,,,
2026-09-25,MGL.NS,MGL,1079.6,0.6645,STRONG UP,0.0107,,,
2026-09-25,VTL.NS,VTL,563.6,0.6207,STRONG UP,0.0128,,,
2026-09-25,MRF.NS,MRF,123985.0,0.6364,STRONG UP,0.0159,,,
2026-09-25,TENNIND.NS,TENNIND,511.25,0.6144,UP,0.0143,,,
2026-09-25,SPLPETRO.NS,SPLPETRO,879.9,0.6247,STRONG UP,0.0079,,,
2026-09-25,PRESTIGE.NS,PRESTIGE,1475.0,0.5762,UP,0.0129,,,
2026-09-25,SUPREMEIND.NS,SUPREMEIND,3434.0,0.6552,STRONG UP,0.0136,,,
2026-09-25,PFOCUS.NS,PFOCUS,318.75,0.6664,STRONG UP,0.0114,,,
2026-09-25,RBLBANK.NS,RBLBANK,412.75,0.6531,STRONG UP,0.0073,,,
2026-09-25,SUNTV.NS,SUNTV,512.7,0.6356,STRONG UP,0.0042,,,
2026-09-25,RHIM.NS,RHIM,383.8,0.6042,UP,0.01,,,
2026-09-25,SUNPHARMA.NS,SUNPHARMA,1849.9,0.6535,STRONG UP,0.0122,,,
2026-09-25,SWANCORP.NS,SWANCORP,294.7,0.6025,UP,0.0137,,,
2026-09-25,TATACAP.NS,TATACAP,336.25,0.5713,UP,0.0119,,,
2026-09-25,TBOTEK.NS,TBOTEK,1687.2,0.6776,STRONG UP,0.0154,,,
2026-09-25,SYNGENE.NS,SYNGENE,380.35,0.62,STRONG UP,0.0176,,,
2026-09-25,POLYCAB.NS,POLYCAB,8366.5,0.6151,UP,0.014,,,
2026-09-25,PIRAMALFIN.NS,PIRAMALFIN,2104.3,0.541,NEUTRAL,0.0033,,,
2026-09-25,SUMICHEM.NS,SUMICHEM,449.7,0.5913,UP,0.0151,,,
2026-09-25,SAIL.NS,SAIL,184.0,0.6426,STRONG UP,0.0078,,,
2026-09-25,SIEMENS.NS,SIEMENS,3841.8,0.5893,UP,0.0146,,,
2026-09-25,SAILIFE.NS,SAILIFE,1594.9,0.6854,STRONG UP,0.013,,,
2026-09-25,SHYAMMETL.NS,SHYAMMETL,1097.9,0.6552,STRONG UP,0.0165,,,
2026-09-25,SRF.NS,SRF,2533.8,0.644,STRONG UP,0.0154,,,
2026-09-25,SAPPHIRE.NS,SAPPHIRE,225.7,0.6396,STRONG UP,0.0171,,,
2026-09-25,SHREECEM.NS,SHREECEM,22350.0,0.5972,UP,0.0143,,,
2026-09-25,SAREGAMA.NS,SAREGAMA,498.45,0.6298,STRONG UP,0.0074,,,
2026-09-25,SCHAEFFLER.NS,SCHAEFFLER,4024.2,0.6737,STRONG UP,0.0138,,,
2026-09-25,SHRIRAMFIN.NS,SHRIRAMFIN,990.0,0.582,UP,0.0117,,,
2026-09-25,SJVN.NS,SJVN,62.24,0.5864,UP,0.0189,,,
2026-09-25,SBILIFE.NS,SBILIFE,1755.0,0.6643,STRONG UP,0.0075,,,
2026-09-25,RKFORGE.NS,RKFORGE,709.55,0.6578,STRONG UP,0.0142,,,
2026-09-25,SONATSOFTW.NS,SONATSOFTW,274.7,0.647,STRONG UP,0.0111,,,
2026-09-25,SBFC.NS,SBFC,89.14,0.589,UP,0.0147,,,
2026-09-25,TATACOMM.NS,TATACOMM,1670.0,0.5981,UP,0.0154,,,
2026-09-25,PETRONET.NS,PETRONET,286.6,0.6662,STRONG UP,0.0137,,,
2026-09-25,NAVA.NS,NAVA,557.0,0.6018,UP,0.0126,,,
2026-09-25,NAVINFLUOR.NS,NAVINFLUOR,8461.0,0.6669,STRONG UP,0.0143,,,
2026-09-25,TIMKEN.NS,TIMKEN,3256.8999,0.6973,STRONG UP,0.0143,,,
2026-09-25,NEULANDLAB.NS,NEULANDLAB,21905.0,0.6299,STRONG UP,0.0163,,,
2026-09-25,TORNTPOWER.NS,TORNTPOWER,1244.2,0.5869,UP,0.0102,,,
2026-09-25,TRITURBINE.NS,TRITURBINE,551.8,0.6315,STRONG UP,0.0166,,,
2026-09-25,NTPCGREEN.NS,NTPCGREEN,95.43,0.6711,STRONG UP,0.0077,,,
2026-09-25,TRAVELFOOD.NS,TRAVELFOOD,1214.2,0.6107,UP,0.0143,,,
2026-09-25,NLCINDIA.NS,NLCINDIA,263.25,0.6185,UP,0.0175,,,
2026-09-25,NCC.NS,NCC,133.42,0.6075,UP,0.0143,,,
2026-09-25,NUVOCO.NS,NUVOCO,335.0,0.7089,STRONG UP,0.0132,,,
2026-09-25,PIIND.NS,PIIND,2393.5,0.6043,UP,0.0172,,,
2026-09-25,PNBHOUSING.NS,PNBHOUSING,1094.5,0.604,UP,0.013,,,
2026-09-25,PTCIL.NS,PTCIL,21820.0,0.683,STRONG UP,0.0198,,,
2026-09-25,PAGEIND.NS,PAGEIND,37500.0,0.6825,STRONG UP,0.0101,,,
2026-09-25,PCBL.NS,PCBL,338.6,0.6907,STRONG UP,0.0109,,,
2026-09-25,OBEROIRLTY.NS,OBEROIRLTY,1837.5,0.6896,STRONG UP,0.0075,,,
2026-09-25,TEGA.NS,TEGA,2062.0,0.5919,UP,0.0077,,,
2026-09-25,OIL.NS,OIL,479.0,0.5422,NEUTRAL,0.0086,,,
2026-09-25,OLECTRA.NS,OLECTRA,1244.0,0.6225,STRONG UP,0.0127,,,
2026-09-25,ONESOURCE.NS,ONESOURCE,1594.6,0.6881,STRONG UP,0.0128,,,
2026-09-25,IKS.NS,IKS,1868.3,0.649,STRONG UP,0.0112,,,
2026-09-25,KPRMILL.NS,KPRMILL,1113.8,0.6888,STRONG UP,0.012,,,
2026-09-25,COHANCE.NS,COHANCE,454.15,0.6833,STRONG UP,0.0107,,,
2026-09-25,CRAFTSMAN.NS,CRAFTSMAN,10710.0,0.6366,STRONG UP,0.0113,,,
2026-09-25,CREDITACC.NS,CREDITACC,1315.1,0.6114,UP,0.0196,,,
2026-09-25,CYIENT.NS,CYIENT,1057.8,0.6904,STRONG UP,0.0139,,,
2026-09-25,DCMSHRIRAM.NS,DCMSHRIRAM,975.6,0.6364,STRONG UP,0.0137,,,
2026-09-25,DLF.NS,DLF,670.4,0.6798,STRONG UP,0.0096,,,
2026-09-25,DOMS.NS,DOMS,2109.0,0.6061,UP,0.012,,,
2026-09-25,DABUR.NS,DABUR,385.7,0.6862,STRONG UP,0.015,,,
2026-09-25,DALBHARAT.NS,DALBHARAT,1721.2,0.6181,UP,0.0145,,,
2026-09-25,DATAPATTNS.NS,DATAPATTNS,4395.5,0.617,UP,0.0105,,,
2026-09-25,DEEPAKNTR.NS,DEEPAKNTR,1600.9,0.5927,UP,0.011,,,
2026-09-25,CIEINDIA.NS,CIEINDIA,388.95,0.6449,STRONG UP,0.016,,,
2026-09-25,CRISIL.NS,CRISIL,4503.5,0.6386,STRONG UP,0.0149,,,
2026-09-25,CANFINHOME.NS,CANFINHOME,743.15,0.6251,STRONG UP,0.0185,,,
2026-09-25,CANBK.NS,CANBK,125.9,0.64,STRONG UP,0.0123,,,
2026-09-25,CANHLIFE.NS,CANHLIFE,151.51,0.6144,UP,0.0058,,,
2026-09-25,CGCL.NS,CGCL,259.4,0.666,STRONG UP,0.0173,,,
2026-09-25,CARBORUNIV.NS,CARBORUNIV,1296.5,0.6284,STRONG UP,0.0011,,,
2026-09-25,CEATLTD.NS,CEATLTD,3353.8,0.632,STRONG UP,0.0121,,,
2026-09-25,CHALET.NS,CHALET,894.9,0.6392,STRONG UP,0.0111,,,
2026-09-25,CHAMBLFERT.NS,CHAMBLFERT,418.2,0.6238,STRONG UP,0.0142,,,
2026-09-25,CHOICEIN.NS,CHOICEIN,749.5,0.6384,STRONG UP,0.0124,,,
2026-09-25,CHOLAHLDNG.NS,CHOLAHLDNG,1432.6,0.5739,UP,0.0124,,,
2026-09-25,DELHIVERY.NS,DELHIVERY,426.3,0.5991,UP,0.0158,,,
2026-09-25,CGPOWER.NS,CGPOWER,886.7,0.6686,STRONG UP,0.0103,,,
2026-09-25,KEI.NS,KEI,4636.5,0.6134,UP,0.0155,,,
2026-09-25,GABRIEL.NS,GABRIEL,1397.3,0.6543,STRONG UP,0.0087,,,
2026-09-25,GALLANTT.NS,GALLANTT,545.25,0.6017,UP,0.0136,,,
2026-09-25,GLAND.NS,GLAND,2897.3999,0.6642,STRONG UP,0.0129,,,
2026-09-25,GLAXO.NS,GLAXO,2829.2,0.6177,UP,0.0139,,,
2026-09-25,GODIGIT.NS,GODIGIT,250.3,0.6159,UP,0.0066,,,
2026-09-25,GPIL.NS,GPIL,229.78,0.604,UP,0.0154,,,
2026-09-25,GODFRYPHLP.NS,GODFRYPHLP,1974.0,0.6023,UP,0.0117,,,
2026-09-25,GODREJCP.NS,GODREJCP,875.0,0.6435,STRONG UP,0.013,,,
2026-09-25,GRASIM.NS,GRASIM,3166.5,0.6203,STRONG UP,0.0129,,,
2026-09-25,FORTIS.NS,FORTIS,877.35,0.6663,STRONG UP,0.0154,,,
2026-09-25,FIVESTAR.NS,FIVESTAR,524.85,0.6467,STRONG UP,0.0096,,,
2026-09-25,EIDPARRY.NS,EIDPARRY,689.55,0.6136,UP,0.017,,,
2026-09-25,ELECON.NS,ELECON,459.1,0.6461,STRONG UP,0.0089,,,
2026-09-25,ELGIEQUIP.NS,ELGIEQUIP,608.8,0.6537,STRONG UP,0.0125,,,
2026-09-25,EMAMILTD.NS,EMAMILTD,390.5,0.642,STRONG UP,0.0082,,,
2026-09-25,EMCURE.NS,EMCURE,1952.1,0.6789,STRONG UP,0.0118,,,
2026-09-25,ENDURANCE.NS,ENDURANCE,2663.2,0.5928,UP,0.0102,,,
2026-09-25,ERIS.NS,ERIS,1274.6,0.6082,UP,0.016,,,
2026-09-25,ESCORTS.NS,ESCORTS,2822.8999,0.5977,UP,0.0112,,,
2026-09-25,NYKAA.NS,NYKAA,335.3,0.6623,STRONG UP,0.0133,,,
2026-09-25,FACT.NS,FACT,777.8,0.5824,UP,0.0125,,,
2026-09-25,DIVISLAB.NS,DIVISLAB,9602.0,0.6559,STRONG UP,0.0123,,,
2026-09-25,GRAVITA.NS,GRAVITA,1515.4,0.647,STRONG UP,0.0214,,,
2026-09-25,MAPMYINDIA.NS,MAPMYINDIA,882.8,0.6148,UP,0.0155,,,
2026-09-25,AFFLE.NS,AFFLE,1588.1,0.6201,STRONG UP,0.0114,,,
2026-09-25,AJANTPHARM.NS,AJANTPHARM,3539.5,0.6951,STRONG UP,0.0156,,,
2026-09-25,ALKEM.NS,ALKEM,5326.0,0.6382,STRONG UP,0.0142,,,
2026-09-25,ANTHEM.NS,ANTHEM,885.6,0.6403,STRONG UP,0.0151,,,
2026-09-25,APARINDS.NS,APARINDS,17804.0,0.6872,STRONG UP,0.0148,,,
2026-09-25,AMBER.NS,AMBER,6911.0,0.5951,UP,0.0143,,,
2026-09-25,360ONE.NS,360ONE,1080.8,0.5726,UP,0.0098,,,
2026-09-25,3MINDIA.NS,3MINDIA,34590.0,0.6806,STRONG UP,0.0132,,,
2026-09-25,ABB.NS,ABB,7129.0,0.591,UP,0.0104,,,
2026-09-25,ACMESOLAR.NS,ACMESOLAR,446.65,0.6625,STRONG UP,0.0099,,,
2026-09-25,AIAENG.NS,AIAENG,3953.3999,0.6045,UP,0.0123,,,
2026-09-25,AUBANK.NS,AUBANK,1000.1,0.5362,NEUTRAL,0.0081,,,
2026-09-25,AWL.NS,AWL,184.69,0.621,STRONG UP,0.0164,,,
2026-09-25,AADHARHFC.NS,AADHARHFC,446.7,0.606,UP,0.0153,,,
2026-09-25,AARTIIND.NS,AARTIIND,489.45,0.5955,UP,0.009,,,
2026-09-25,AAVAS.NS,AAVAS,1256.4,0.6431,STRONG UP,0.0177,,,
2026-09-25,ABBOTINDIA.NS,ABBOTINDIA,26860.0,0.688,STRONG UP,0.0131,,,
2026-09-25,ACUTAAS.NS,ACUTAAS,3283.7,0.6489,STRONG UP,0.0121,,,
2026-09-25,ADANIENT.NS,ADANIENT,2900.0,0.6147,UP,0.0132,,,
2026-09-25,ADANIPORTS.NS,ADANIPORTS,1785.3,0.6791,STRONG UP,0.0133,,,
2026-09-25,ATGL.NS,ATGL,612.4,0.5929,UP,0.0163,,,
2026-09-25,APTUS.NS,APTUS,240.92,0.5844,UP,0.0142,,,
2026-09-25,CCL.NS,CCL,1039.5,0.5836,UP,0.0152,,,
2026-09-25,ASAHIINDIA.NS,ASAHIINDIA,965.4,0.6891,STRONG UP,0.0149,,,
2026-09-25,BHARATFORG.NS,BHARATFORG,1998.9,0.6081,UP,0.0072,,,
2026-09-25,BIKAJI.NS,BIKAJI,575.2,0.6392,STRONG UP,0.009,,,
2026-09-25,BELRISE.NS,BELRISE,243.63,0.6894,STRONG UP,0.0066,,,
2026-09-25,BLUEDART.NS,BLUEDART,4793.0,0.6326,STRONG UP,0.014,,,
2026-09-25,BLUEJET.NS,BLUEJET,573.45,0.6455,STRONG UP,0.012,,,
2026-09-25,BBTC.NS,BBTC,1437.4,0.5811,UP,0.0133,,,
2026-09-25,BOSCHLTD.NS,BOSCHLTD,47750.0,0.6579,STRONG UP,0.0143,,,
2026-09-25,FIRSTCRY.NS,FIRSTCRY,179.63,0.61,UP,0.0102,,,
2026-09-25,BAYERCROP.NS,BAYERCROP,3736.3,0.6203,STRONG UP,0.0191,,,
2026-09-25,ASTERDM.NS,ASTERDM,768.65,0.6202,STRONG UP,0.0101,,,
2026-09-25,AUROPHARMA.NS,AUROPHARMA,1716.0,0.6857,STRONG UP,0.0151,,,
2026-09-25,BEML.NS,BEML,2044.4,0.6676,STRONG UP,0.0132,,,
2026-09-25,BLS.NS,BLS,223.9,0.6352,STRONG UP,0.0179,,,
2026-09-25,BAJAJ-AUTO.NS,BAJAJ-AUTO,11208.0,0.5967,UP,0.0137,,,
2026-09-25,BAJAJHLDNG.NS,BAJAJHLDNG,10917.0,0.6657,STRONG UP,0.0153,,,
2026-09-25,BAJAJHFL.NS,BAJAJHFL,82.96,0.6181,UP,0.0135,,,
2026-09-25,BALKRISIND.NS,BALKRISIND,2167.8,0.579,UP,0.0101,,,
2026-09-25,FLUOROCHEM.NS,FLUOROCHEM,4475.8999,0.6294,STRONG UP,0.0145,,,
2026-09-25,INDIANB.NS,INDIANB,830.0,0.5859,UP,0.0129,,,
2026-09-25,INDIAMART.NS,INDIAMART,1635.9,0.6342,STRONG UP,0.0175,,,
2026-09-25,INDIACEM.NS,INDIACEM,330.1,0.6082,UP,0.0191,,,
2026-09-25,ITI.NS,ITI,251.05,0.6256,STRONG UP,0.0208,,,
2026-09-25,IRB.NS,IRB,17.88,0.5767,UP,0.0137,,,
2026-09-25,IIFL.NS,IIFL,617.55,0.653,STRONG UP,0.0066,,,
2026-09-25,ICICIPRULI.NS,ICICIPRULI,464.5,0.5724,UP,0.0063,,,
2026-09-25,HONAUT.NS,HONAUT,33625.0,0.6378,STRONG UP,0.017,,,
2026-09-25,HOMEFIRST.NS,HOMEFIRST,1157.5,0.6365,STRONG UP,0.0152,,,
2026-09-25,POWERINDIA.NS,POWERINDIA,30715.0,0.6346,STRONG UP,0.0149,,,
2026-09-25,JSL.NS,JSL,738.95,0.6466,STRONG UP,0.0147,,,
2026-09-25,JPPOWER.NS,JPPOWER,15.84,0.5795,UP,0.0147,,,
2026-09-25,JKCEMENT.NS,JKCEMENT,5184.5,0.654,STRONG UP,0.0102,,,
2026-09-25,IPCALAB.NS,IPCALAB,1997.1,0.6756,STRONG UP,0.0145,,,
2026-09-25,IGIL.NS,IGIL,325.25,0.636,STRONG UP,0.0094,,,
2026-09-25,INTELLECT.NS,INTELLECT,638.7,0.6334,STRONG UP,0.02,,,
2026-09-25,JSWDULUX.NS,JSWDULUX,3132.3,0.6943,STRONG UP,0.0157,,,
2026-09-25,ECLERX.NS,ECLERX,1890.1,0.6522,STRONG UP,0.0161,,,
2026-09-25,HEXT.NS,HEXT,499.35,0.5921,UP,0.0138,,,
2026-09-25,ZEEL.NS,ZEEL,76.87,0.6047,UP,0.0195,,,
2026-09-25,LATENTVIEW.NS,LATENTVIEW,243.75,0.5591,UP,0.0066,,,
2026-09-25,ASTRAL.NS,ASTRAL,1399.0,0.4264,DOWN,-0.0052,,,
2026-09-25,TITAGARH.NS,TITAGARH,822.6,0.5836,UP,-0.0009,,,
2026-09-25,ZYDUSLIFE.NS,ZYDUSLIFE,1203.9,0.6325,STRONG UP,0.0046,,,
2026-09-25,ATHERENERG.NS,ATHERENERG,1497.0,0.592,UP,0.0069,,,
2026-09-25,GLENMARK.NS,GLENMARK,2380.0,0.6201,STRONG UP,0.007,,,
2026-09-25,ATUL.NS,ATUL,6070.5,0.5827,UP,0.0073,,,
2026-09-25,THERMAX.NS,THERMAX,3447.2,0.6203,STRONG UP,0.0138,,,
2026-09-25,LAURUSLABS.NS,LAURUSLABS,2007.0,0.6333,STRONG UP,0.0037,,,
2026-09-25,NIVABUPA.NS,NIVABUPA,77.19,0.5662,UP,0.0062,,,
2026-09-25,RAMCOCEM.NS,RAMCOCEM,867.55,0.5367,NEUTRAL,0.0041,,,
2026-09-25,AIIL.NS,AIIL,559.6,0.6042,UP,0.0024,,,
2026-09-25,INDIGO.NS,INDIGO,4940.0,0.5824,UP,0.0035,,,
2026-09-25,NIACL.NS,NIACL,176.6,0.5358,NEUTRAL,0.0046,,,
2026-09-25,KPITTECH.NS,KPITTECH,519.4,0.4759,NEUTRAL,0.0004,,,
2026-09-25,TITAN.NS,TITAN,4884.0,0.4412,DOWN,0.0023,,,
2026-09-25,OLAELEC.NS,OLAELEC,38.48,0.5426,NEUTRAL,-0.0046,,,
2026-09-25,MEDANTA.NS,MEDANTA,1495.4,0.6604,STRONG UP,0.0067,,,
2026-09-25,ASIANPAINT.NS,ASIANPAINT,2444.0,0.5869,UP,0.0077,,,
2026-09-25,ANURAS.NS,ANURAS,1192.4,0.5366,NEUTRAL,0.0038,,,
2026-09-25,TRIDENT.NS,TRIDENT,23.12,0.5724,UP,0.0069,,,
2026-09-25,JMFINANCIL.NS,JMFINANCIL,127.68,0.5623,UP,0.0025,,,
2026-09-25,HDBFS.NS,HDBFS,648.15,0.5624,UP,0.0083,,,
2026-09-25,TRENT.NS,TRENT,2669.3,0.6023,UP,0.0093,,,
2026-09-25,APOLLOHOSP.NS,APOLLOHOSP,8889.0,0.6454,STRONG UP,0.0077,,,
2026-09-25,LTM.NS,LTM,4083.0,0.4387,DOWN,0.0002,,,
2026-09-25,APOLLOTYRE.NS,APOLLOTYRE,400.1,0.5493,NEUTRAL,0.0057,,,
2026-09-25,JKTYRE.NS,JKTYRE,345.85,0.5388,NEUTRAL,0.0047,,,
2026-09-25,TARIL.NS,TARIL,277.65,0.5263,NEUTRAL,0.005,,,
2026-09-25,PGEL.NS,PGEL,518.5,0.5936,UP,0.0055,,,
2026-09-25,LT.NS,LT,3876.2,0.5655,UP,0.0062,,,
2026-09-25,ASHOKLEY.NS,ASHOKLEY,159.08,0.5136,NEUTRAL,0.0033,,,
2026-09-25,JBMA.NS,JBMA,586.6,0.5556,UP,0.0061,,,
2026-09-25,TORNTPHARM.NS,TORNTPHARM,4988.5,0.5926,UP,0.0043,,,
2026-09-25,DMART.NS,DMART,3834.2,0.4891,NEUTRAL,-0.0013,,,
2026-09-25,THELEELA.NS,THELEELA,546.15,0.6239,STRONG UP,0.002,,,
2026-09-25,AXISBANK.NS,AXISBANK,1222.4,0.5229,NEUTRAL,0.0077,,,
2026-09-25,HDFCAMC.NS,HDFCAMC,2378.0,0.5574,UP,0.0085,,,
2026-09-25,TATAPOWER.NS,TATAPOWER,367.5,0.5185,NEUTRAL,0.0032,,,
2026-09-25,BANDHANBNK.NS,BANDHANBNK,187.7,0.6058,UP,0.0025,,,
2026-09-25,GICRE.NS,GICRE,337.5,0.5549,UP,0.0056,,,
2026-09-25,TMPV.NS,TMPV,290.45,0.5174,NEUTRAL,0.0069,,,
2026-09-25,BANKBARODA.NS,BANKBARODA,235.26,0.5526,UP,0.0032,,,
2026-09-25,INDUSTOWER.NS,INDUSTOWER,374.65,0.5482,NEUTRAL,0.0037,,,
2026-09-25,TMCV.NS,TMCV,441.5,0.5846,UP,0.0017,,,
2026-09-25,BANKINDIA.NS,BANKINDIA,137.94,0.5441,NEUTRAL,0.0021,,,
2026-09-25,HDFCBANK.NS,HDFCBANK,735.6,0.6095,UP,0.0023,,,
2026-09-25,TATAINVEST.NS,TATAINVEST,651.6,0.5258,NEUTRAL,0.0007,,,
2026-09-25,ZYDUSWELL.NS,ZYDUSWELL,520.6,0.5363,NEUTRAL,0.0016,,,
2026-09-25,MAHABANK.NS,MAHABANK,84.88,0.5842,UP,-0.0057,,,
2026-09-25,LODHA.NS,LODHA,1165.0,0.5564,UP,-0.0001,,,
2026-09-25,TATAELXSI.NS,TATAELXSI,3186.8999,0.561,UP,0.0079,,,
2026-09-25,BATAINDIA.NS,BATAINDIA,629.8,0.5363,NEUTRAL,0.0041,,,
2026-09-25,INDUSINDBK.NS,INDUSINDBK,912.2,0.5699,UP,0.0067,,,
2026-09-25,BALRAMCHIN.NS,BALRAMCHIN,685.8,0.6282,STRONG UP,0.0042,,,
2026-09-25,TATASTEEL.NS,TATASTEEL,187.97,0.6207,STRONG UP,0.0052,,,
2026-09-25,PVRINOX.NS,PVRINOX,1254.6,0.6279,STRONG UP,0.0119,,,
2026-09-25,TEJASNET.NS,TEJASNET,503.85,0.5802,UP,0.0058,,,
2026-09-25,JYOTICNC.NS,JYOTICNC,1065.1,0.5974,UP,0.0054,,,
2026-09-25,INOXWIND.NS,INOXWIND,74.75,0.569,UP,0.0031,,,
2026-09-25,BSE.NS,BSE,3191.5,0.5631,UP,0.0052,,,
2026-09-25,GILLETTE.NS,GILLETTE,7072.0,0.5356,NEUTRAL,0.0073,,,
2026-09-25,TECHNOE.NS,TECHNOE,1006.2,0.5703,UP,0.002,,,
2026-09-25,LENSKART.NS,LENSKART,680.25,0.6458,STRONG UP,0.0074,,,
2026-09-25,NUVAMA.NS,NUVAMA,1681.4,0.5808,UP,0.0057,,,
2026-09-25,BAJFINANCE.NS,BAJFINANCE,996.9,0.477,NEUTRAL,0.0041,,,
2026-09-25,INFY.NS,INFY,1000.2,0.5569,UP,0.0041,,,
2026-09-25,BAJAJFINSV.NS,BAJAJFINSV,1771.0,0.6163,UP,0.01,,,
2026-09-25,TTML.NS,TTML,34.44,0.4974,NEUTRAL,0.0076,,,
2026-09-25,NAM-INDIA.NS,NAM-INDIA,1157.0,0.5895,UP,0.0009,,,
2026-09-25,LICI.NS,LICI,409.05,0.6003,UP,0.005,,,
2026-09-25,TATATECH.NS,TATATECH,703.05,0.6255,STRONG UP,0.0104,,,
2026-09-25,NAUKRI.NS,NAUKRI,1254.8,0.5323,NEUTRAL,0.0051,,,
2026-09-25,TECHM.NS,TECHM,1548.0,0.5638,UP,0.0032,,,
2026-09-25,JSWCEMENT.NS,JSWCEMENT,115.47,0.5813,UP,0.0083,,,
2026-09-25,ANGELONE.NS,ANGELONE,288.0,0.586,UP,0.0031,,,
2026-09-25,TIINDIA.NS,TIINDIA,2511.1001,0.5698,UP,0.0105,,,
2026-09-25,WELCORP.NS,WELCORP,2832.3999,0.5773,UP,0.0006,,,
2026-09-25,ADANIGREEN.NS,ADANIGREEN,1296.6,0.5723,UP,0.0046,,,
2026-09-25,GRANULES.NS,GRANULES,868.65,0.6152,UP,0.0032,,,
2026-09-25,WAAREEENER.NS,WAAREEENER,2495.0,0.5506,UP,0.0043,,,
2026-09-25,KAJARIACER.NS,KAJARIACER,1218.1,0.6381,STRONG UP,0.0037,,,
2026-09-25,ADANIPOWER.NS,ADANIPOWER,202.75,0.5753,UP,0.0033,,,
2026-09-25,VOLTAS.NS,VOLTAS,1118.2,0.5572,UP,0.0049,,,
2026-09-25,ACC.NS,ACC,1236.4,0.5174,NEUTRAL,0.0034,,,
2026-09-25,KFINTECH.NS,KFINTECH,888.8,0.5393,NEUTRAL,0.0054,,,
2026-09-25,JINDALSAW.NS,JINDALSAW,285.5,0.5842,UP,0.0058,,,
2026-09-25,IDEA.NS,IDEA,14.26,0.5461,NEUTRAL,0.0023,,,
2026-09-25,ABCAPITAL.NS,ABCAPITAL,390.0,0.5775,UP,0.0055,,,
2026-09-25,GODREJPROP.NS,GODREJPROP,1700.1,0.4168,DOWN,0.0023,,,
2026-09-25,VMM.NS,VMM,103.5,0.5692,UP,0.0035,,,
2026-09-25,ABFRL.NS,ABFRL,49.14,0.5206,NEUTRAL,0.0057,,,
2026-09-25,JINDALSTEL.NS,JINDALSTEL,1164.8,0.5675,UP,0.004,,,
2026-09-25,KIRLOSENG.NS,KIRLOSENG,2137.2,0.6078,UP,0.0017,,,
2026-09-25,ZENTEC.NS,ZENTEC,1682.4,0.5236,NEUTRAL,0.0011,,,
2026-09-25,WELSPUNLIV.NS,WELSPUNLIV,224.68,0.5909,UP,0.0023,,,
2026-09-25,APLAPOLLO.NS,APLAPOLLO,2214.7,0.634,STRONG UP,0.0069,,,
2026-09-25,KPIL.NS,KPIL,1391.2,0.6201,STRONG UP,0.0066,,,
2026-09-25,ONGC.NS,ONGC,235.86,0.5186,NEUTRAL,-0.0033,,,
2026-09-25,JUBLINGREA.NS,JUBLINGREA,656.1,0.5352,NEUTRAL,0.0007,,,
2026-09-25,YESBANK.NS,YESBANK,22.5,0.6039,UP,0.0048,,,
2026-09-25,KALYANKJIL.NS,KALYANKJIL,573.0,0.6174,UP,0.0046,,,
2026-09-25,GRAPHITE.NS,GRAPHITE,820.7,0.6173,UP,0.0082,,,
2026-09-25,JUBLFOOD.NS,JUBLFOOD,484.55,0.5997,UP,0.0058,,,
2026-09-25,GMDCLTD.NS,GMDCLTD,538.0,0.5263,NEUTRAL,0.0031,,,
2026-09-25,WIPRO.NS,WIPRO,164.02,0.5366,NEUTRAL,0.0034,,,
2026-09-25,ACE.NS,ACE,1226.6,0.6442,STRONG UP,0.0058,,,
2026-09-25,JIOFIN.NS,JIOFIN,227.0,0.5528,UP,0.0076,,,
2026-09-25,WHIRLPOOL.NS,WHIRLPOOL,918.9,0.5288,NEUTRAL,-0.0181,,,
2026-09-25,KAYNES.NS,KAYNES,3650.0,0.5401,NEUTRAL,-0.0013,,,
2026-09-25,ADANIENSOL.NS,ADANIENSOL,1338.5,0.5888,UP,0.0165,,,
2026-09-25,PAYTM.NS,PAYTM,1674.0,0.6126,UP,0.0111,,,
2026-09-25,ABLBL.NS,ABLBL,78.72,0.559,UP,0.0053,,,
2026-09-25,J&KBANK.NS,J&KBANK,146.1,0.6005,UP,0.0057,,,
2026-09-25,VEDL.NS,VEDL,266.35,0.4999,NEUTRAL,0.0012,,,
2026-09-25,ABDL.NS,ABDL,715.05,0.5442,NEUTRAL,-0.0042,,,
2026-09-25,POLICYBZR.NS,POLICYBZR,1166.0,0.5034,NEUTRAL,0.01,,,
2026-09-25,ARE&M.NS,ARE&M,791.95,0.5567,UP,0.0081,,,
2026-09-25,UTIAMC.NS,UTIAMC,901.85,0.5982,UP,0.0036,,,
2026-09-25,JSWENERGY.NS,JSWENERGY,506.55,0.5609,UP,0.0063,,,
2026-09-25,LGEINDIA.NS,LGEINDIA,1725.4,0.6221,STRONG UP,0.0056,,,
2026-09-25,UPL.NS,UPL,550.05,0.5284,NEUTRAL,0.0042,,,
2026-09-25,AMBUJACEM.NS,AMBUJACEM,383.8,0.5416,NEUTRAL,0.0056,,,
2026-09-25,HCLTECH.NS,HCLTECH,1258.0,0.5487,NEUTRAL,0.0007,,,
2026-09-25,ANANDRATHI.NS,ANANDRATHI,2126.8,0.5508,UP,0.0089,,,
2026-09-25,IGL.NS,IGL,144.95,0.5367,NEUTRAL,0.0054,,,
2026-09-25,JWL.NS,JWL,226.73,0.5524,UP,0.0062,,,
2026-09-25,UCOBANK.NS,UCOBANK,23.9,0.5176,NEUTRAL,0.0052,,,
2026-09-25,ANANTRAJ.NS,ANANTRAJ,617.4,0.6406,STRONG UP,0.0038,,,
2026-09-25,LICHSGFIN.NS,LICHSGFIN,566.0,0.6424,STRONG UP,0.0054,,,
2026-09-25,JSWINFRA.NS,JSWINFRA,362.05,0.6124,UP,0.0053,,,
2026-09-25,UNIONBANK.NS,UNIONBANK,180.2,0.5394,NEUTRAL,0.0033,,,
2026-09-25,ZENSARTECH.NS,ZENSARTECH,434.9,0.4935,NEUTRAL,0.0009,,,
2026-09-25,LTF.NS,LTF,284.0,0.5257,NEUTRAL,0.0101,,,
2026-09-25,ABREL.NS,ABREL,1230.9,0.53,NEUTRAL,0.0048,,,
2026-09-25,HBLENGINE.NS,HBLENGINE,806.0,0.6178,UP,-0.0019,,,
2026-09-25,VBL.NS,VBL,434.8,0.624,STRONG UP,0.003,,,
2026-09-25,ABSLAMC.NS,ABSLAMC,1014.5,0.5681,UP,0.0025,,,
2026-09-25,OFSS.NS,OFSS,10770.0,0.4968,NEUTRAL,0.0033,,,
2026-09-25,CPPLUS.NS,CPPLUS,3687.5,0.6242,STRONG UP,-0.0012,,,
2026-09-25,JAINREC.NS,JAINREC,286.85,0.5129,NEUTRAL,0.0012,,,
2026-09-25,JUBLPHARMA.NS,JUBLPHARMA,1071.95,0.5867,UP,0.0042,,,
2026-09-25,USHAMART.NS,USHAMART,518.8,0.6746,STRONG UP,0.0062,,,
2026-09-25,KIMS.NS,KIMS,780.15,0.5806,UP,0.0064,,,
2026-09-25,URBANCO.NS,URBANCO,168.99,0.6211,STRONG UP,0.0088,,,
2026-09-25,AEGISVOPAK.NS,AEGISVOPAK,287.5,0.6144,UP,0.0103,,,
2026-09-25,GODREJIND.NS,GODREJIND,1105.3,0.6196,UP,0.0087,,,
2026-09-25,AFCONS.NS,AFCONS,252.5,0.4998,NEUTRAL,0.0062,,,
2026-09-25,JSWSTEEL.NS,JSWSTEEL,1277.0,0.5725,UP,0.0071,,,
2026-09-25,UBL.NS,UBL,1251.3,0.5183,NEUTRAL,0.0034,,,
2026-09-25,AEGISLOG.NS,AEGISLOG,1365.4,0.6367,STRONG UP,0.0065,,,
2026-09-25,TATACONSUM.NS,TATACONSUM,983.2,0.5731,UP,0.009,,,
2026-09-25,HSCL.NS,HSCL,678.75,0.6474,STRONG UP,0.0012,,,
2026-09-25,LUPIN.NS,LUPIN,2092.0,0.5485,NEUTRAL,0.0061,,,
2026-09-25,CONCOR.NS,CONCOR,461.5,0.5616,UP,0.008,,,
2026-09-25,SBICARD.NS,SBICARD,611.2,0.5247,NEUTRAL,0.008,,,
2026-09-25,ICICIBANK.NS,ICICIBANK,1326.8,0.5353,NEUTRAL,0.0101,,,
2026-09-25,COROMANDEL.NS,COROMANDEL,1963.9,0.5542,UP,0.0004,,,
2026-09-25,MUTHOOTFIN.NS,MUTHOOTFIN,2835.0,0.5513,UP,0.0019,,,
2026-09-25,FINCABLES.NS,FINCABLES,1460.9,0.6334,STRONG UP,0.0038,,,
2026-09-25,RPOWER.NS,RPOWER,20.57,0.5153,NEUTRAL,0.0016,,,
2026-09-25,PIDILITIND.NS,PIDILITIND,1517.2,0.5288,NEUTRAL,0.0083,,,
2026-09-25,HYUNDAI.NS,HYUNDAI,2115.0,0.5528,UP,0.0045,,,
2026-09-25,RELIANCE.NS,RELIANCE,1226.0,0.5586,UP,0.007,,,
2026-09-25,NATCOPHARM.NS,NATCOPHARM,839.3,0.5442,NEUTRAL,0.0025,,,
2026-09-25,CUMMINSIND.NS,CUMMINSIND,4945.0,0.5657,UP,0.0039,,,
2026-09-25,REDINGTON.NS,REDINGTON,407.25,0.6058,UP,0.0052,,,
2026-09-25,HAVELLS.NS,HAVELLS,1096.5,0.5329,NEUTRAL,0.0058,,,
2026-09-25,HUDCO.NS,HUDCO,173.99,0.5506,UP,0.0046,,,
2026-09-25,NBCC.NS,NBCC,82.86,0.5658,UP,0.0065,,,
2026-09-25,CROMPTON.NS,CROMPTON,218.6,0.5554,UP,0.0111,,,
2026-09-25,PINELABS.NS,PINELABS,176.57,0.6089,UP,0.0066,,,
2026-09-25,CONCORDBIO.NS,CONCORDBIO,1453.6,0.5921,UP,0.0102,,,
2026-09-25,CAMS.NS,CAMS,707.35,0.5567,UP,0.0049,,,
2026-09-25,CUB.NS,CUB,225.57,0.611,UP,0.0041,,,
2026-09-25,IDBI.NS,IDBI,84.4,0.4945,NEUTRAL,0.0011,,,
2026-09-25,CLEAN.NS,CLEAN,807.25,0.637,STRONG UP,0.005,,,
2026-09-25,PWL.NS,PWL,134.36,0.6657,STRONG UP,0.0002,,,
2026-09-25,MOTHERSON.NS,MOTHERSON,165.71,0.6099,UP,0.0056,,,
2026-09-25,COALINDIA.NS,COALINDIA,426.1,0.606,UP,0.0066,,,
2026-09-25,FSL.NS,FSL,259.45,0.5723,UP,0.005,,,
2026-09-25,MCX.NS,MCX,3324.8999,0.6324,STRONG UP,0.0071,,,
2026-09-25,SAMMAANCAP.NS,SAMMAANCAP,140.61,0.559,UP,0.0076,,,
2026-09-25,ICICIAMC.NS,ICICIAMC,3184.6001,0.6042,UP,0.009,,,
2026-09-25,COFORGE.NS,COFORGE,1784.0,0.5491,NEUTRAL,0.0063,,,
2026-09-25,MPHASIS.NS,MPHASIS,2234.0,0.5334,NEUTRAL,0.004,,,
2026-09-25,SAGILITY.NS,SAGILITY,44.69,0.6359,STRONG UP,0.0065,,,
2026-09-25,NESTLEIND.NS,NESTLEIND,1362.6,0.4472,DOWN,0.0002,,,
2026-09-25,COLPAL.NS,COLPAL,1855.8,0.5922,UP,0.0049,,,
2026-09-25,ICICIGI.NS,ICICIGI,1553.7,0.5865,UP,0.0033,,,
2026-09-25,COCHINSHIP.NS,COCHINSHIP,1377.0,0.505,NEUTRAL,0.0025,,,
2026-09-25,SARDAEN.NS,SARDAEN,493.15,0.5152,NEUTRAL,0.0017,,,
2026-09-25,RAINBOW.NS,RAINBOW,1374.2,0.538,NEUTRAL,-0.0,,,
2026-09-25,RAILTEL.NS,RAILTEL,260.15,0.5532,UP,0.0061,,,
2026-09-25,PNB.NS,PNB,116.6,0.605,UP,0.0049,,,
2026-09-25,EIHOTEL.NS,EIHOTEL,294.7,0.5653,UP,0.0048,,,
2026-09-25,EICHERMOT.NS,EICHERMOT,7360.0,0.5751,UP,0.0077,,,
2026-09-25,HINDCOPPER.NS,HINDCOPPER,494.65,0.5471,NEUTRAL,-0.0014,,,
2026-09-25,POLYMED.NS,POLYMED,1724.4,0.6079,UP,0.0005,,,
2026-09-25,NTPC.NS,NTPC,326.6,0.5613,UP,0.0052,,,
2026-09-25,PREMIERENE.NS,PREMIERENE,896.4,0.5484,NEUTRAL,0.0061,,,
2026-09-25,HINDPETRO.NS,HINDPETRO,351.0,0.5613,UP,0.0051,,,
2026-09-25,HAL.NS,HAL,4800.0,0.5844,UP,0.0062,,,
2026-09-25,POWERGRID.NS,POWERGRID,269.5,0.5719,UP,0.0024,,,
2026-09-25,EMMVEE.NS,EMMVEE,321.9,0.5781,UP,0.0037,,,
2026-09-25,NH.NS,NH,1861.4,0.5884,UP,0.0064,,,
2026-09-25,PFC.NS,PFC,338.0,0.5918,UP,0.0138,,,
2026-09-25,HINDALCO.NS,HINDALCO,977.0,0.5851,UP,0.0023,,,
2026-09-25,ENGINERSIN.NS,ENGINERSIN,315.65,0.5536,UP,-0.0008,,,
2026-09-25,POONAWALLA.NS,POONAWALLA,461.55,0.6021,UP,0.0063,,,
2026-09-25,ETERNAL.NS,ETERNAL,335.0,0.6534,STRONG UP,0.009,,,
2026-09-25,HONASA.NS,HONASA,465.5,0.594,UP,0.0044,,,
2026-09-25,NSLNISP.NS,NSLNISP,42.17,0.5578,UP,0.0043,,,
2026-09-25,DRREDDY.NS,DRREDDY,1201.0,0.5956,UP,0.0061,,,
2026-09-25,FEDERALBNK.NS,FEDERALBNK,322.0,0.5911,UP,0.005,,,
2026-09-25,NHPC.NS,NHPC,76.0,0.5404,NEUTRAL,0.0065,,,
2026-09-25,RVNL.NS,RVNL,207.0,0.5199,NEUTRAL,0.0048,,,
2026-09-25,DEEPAKFERT.NS,DEEPAKFERT,1363.8,0.5991,UP,0.0024,,,
2026-09-25,HEROMOTOCO.NS,HEROMOTOCO,5360.0,0.6044,UP,0.0067,,,
2026-09-25,RADICO.NS,RADICO,4557.1001,0.6178,UP,0.0058,,,
2026-09-25,HINDZINC.NS,HINDZINC,588.95,0.616,UP,0.0054,,,
2026-09-25,RRKABEL.NS,RRKABEL,2528.3,0.5587,UP,0.0015,,,
2026-09-25,RITES.NS,RITES,199.31,0.5618,UP,0.0063,,,
2026-09-25,PPLPHARMA.NS,PPLPHARMA,210.31,0.5936,UP,0.0074,,,
2026-09-25,NMDC.NS,NMDC,79.9,0.5471,NEUTRAL,0.0031,,,
2026-09-25,DIXON.NS,DIXON,13390.0,0.5117,NEUTRAL,0.001,,,
2026-09-25,RECLTD.NS,RECLTD,312.95,0.4809,NEUTRAL,-0.0003,,,
2026-09-25,HINDUNILVR.NS,HINDUNILVR,1942.9,0.4334,DOWN,-0.0026,,,
2026-09-25,LALPATHLAB.NS,LALPATHLAB,1952.3,0.6364,STRONG UP,0.0101,,,
2026-09-25,EXIDEIND.NS,EXIDEIND,423.65,0.5933,UP,0.0048,,,
2026-09-25,DEVYANI.NS,DEVYANI,135.02,0.5893,UP,0.0049,,,
2026-09-25,MSUMI.NS,MSUMI,34.29,0.57,UP,0.0105,,,
2026-09-25,CIPLA.NS,CIPLA,1399.7,0.5971,UP,0.007,,,
2026-09-25,CHOLAFIN.NS,CHOLAFIN,1662.7,0.5433,NEUTRAL,0.0041,,,
2026-09-25,GROWW.NS,GROWW,187.06,0.5654,UP,-0.003,,,
2026-09-25,M&MFIN.NS,M&MFIN,333.1,0.5724,UP,0.009,,,
2026-09-25,BIOCON.NS,BIOCON,382.15,0.5722,UP,0.0065,,,
2026-09-25,IOC.NS,IOC,135.7,0.5614,UP,0.0054,,,
2026-09-25,SUZLON.NS,SUZLON,40.8,0.5979,UP,0.02,,,
2026-09-25,BSOFT.NS,BSOFT,274.05,0.5036,NEUTRAL,0.0024,,,
2026-09-25,PATANJALI.NS,PATANJALI,403.95,0.5922,UP,-0.0033,,,
2026-09-25,SWIGGY.NS,SWIGGY,264.85,0.5411,NEUTRAL,0.0007,,,
2026-09-25,M&M.NS,M&M,3035.0,0.5364,NEUTRAL,0.0075,,,
2026-09-25,BLUESTARCO.NS,BLUESTARCO,1565.0,0.5687,UP,0.0026,,,
2026-09-25,GMRAIRPORT.NS,GMRAIRPORT,97.95,0.5667,UP,0.0056,,,
2026-09-25,SUNDARMFIN.NS,SUNDARMFIN,4508.0,0.5542,UP,0.0054,,,
2026-09-25,MANAPPURAM.NS,MANAPPURAM,334.0,0.5481,NEUTRAL,0.0006,,,
2026-09-25,IEX.NS,IEX,112.7,0.5261,NEUTRAL,0.0057,,,
2026-09-25,GESHIP.NS,GESHIP,1497.2,0.6045,UP,0.0007,,,
2026-09-25,BRIGADE.NS,BRIGADE,597.9,0.5629,UP,0.0057,,,
2026-09-25,INDHOTEL.NS,INDHOTEL,726.8,0.6152,UP,0.0063,,,
2026-09-25,MRPL.NS,MRPL,164.6,0.5475,NEUTRAL,0.0006,,,
2026-09-25,HDFCLIFE.NS,HDFCLIFE,531.0,0.5772,UP,0.0068,,,
2026-09-25,BHARTIHEXA.NS,BHARTIHEXA,1481.8,0.5619,UP,0.0052,,,
2026-09-25,TCS.NS,TCS,2082.0,0.5338,NEUTRAL,0.0021,,,
2026-09-25,NATIONALUM.NS,NATIONALUM,358.7,0.5463,NEUTRAL,-0.0007,,,
2026-09-25,IREDA.NS,IREDA,113.22,0.5648,UP,0.0006,,,
2026-09-25,BDL.NS,BDL,1140.0,0.5622,UP,0.0131,,,
2026-09-25,TATACHEM.NS,TATACHEM,643.75,0.4939,NEUTRAL,0.0003,,,
2026-09-25,BEL.NS,BEL,393.55,0.5544,UP,0.0045,,,
2026-09-25,MMTC.NS,MMTC,58.35,0.5289,NEUTRAL,0.0086,,,
2026-09-25,IOB.NS,IOB,31.98,0.5772,UP,0.0082,,,
2026-09-25,IRFC.NS,IRFC,79.95,0.463,NEUTRAL,0.0035,,,
2026-09-25,TVSMOTOR.NS,TVSMOTOR,4157.2998,0.5539,UP,0.0061,,,
2026-09-25,PARADEEP.NS,PARADEEP,155.49,0.6417,STRONG UP,0.0013,,,
2026-09-25,BPCL.NS,BPCL,308.5,0.5594,UP,0.0042,,,
2026-09-25,IRCTC.NS,IRCTC,458.7,0.5365,NEUTRAL,0.0065,,,
2026-09-25,BHARTIARTL.NS,BHARTIARTL,1785.4,0.5822,UP,0.0078,,,
2026-09-25,SYRMA.NS,SYRMA,1732.6,0.6126,UP,0.0035,,,
2026-09-25,NEWGEN.NS,NEWGEN,485.3,0.5658,UP,0.0031,,,
2026-09-25,BHEL.NS,BHEL,418.95,0.5818,UP,0.0071,,,
2026-09-25,BRITANNIA.NS,BRITANNIA,4937.5,0.5067,NEUTRAL,0.0073,,,
2026-09-25,PERSISTENT.NS,PERSISTENT,5372.0,0.5479,NEUTRAL,0.0023,,,
2026-09-25,MANKIND.NS,MANKIND,2474.8999,0.649,STRONG UP,0.0055,,,
2026-09-25,NETWEB.NS,NETWEB,4545.0,0.6036,UP,0.0106,,,
2026-09-25,ENRIN.NS,ENRIN,3313.0,0.6502,STRONG UP,-0.0015,,,
2026-09-25,CEMPRO.NS,CEMPRO,1257.2,0.6257,STRONG UP,0.0038,,,
2026-09-25,MAZDOCK.NS,MAZDOCK,2199.6001,0.5578,UP,0.0091,,,
2026-09-25,CENTRALBK.NS,CENTRALBK,31.18,0.6,UP,0.0032,,,
2026-09-25,FORCEMOT.NS,FORCEMOT,17388.0,0.5477,NEUTRAL,-0.0006,,,
2026-09-25,CDSL.NS,CDSL,1318.0,0.5658,UP,0.0048,,,
2026-09-25,IRCON.NS,IRCON,105.95,0.5621,UP,0.0101,,,
2026-09-25,PHOENIXLTD.NS,PHOENIXLTD,1978.4,0.6538,STRONG UP,0.0021,,,
2026-09-25,IFCI.NS,IFCI,73.95,0.5489,NEUTRAL,0.0052,,,
2026-09-25,SCI.NS,SCI,274.4,0.574,UP,0.0041,,,
2026-09-25,CHENNPETRO.NS,CHENNPETRO,1376.4,0.6199,UP,0.0082,,,
2026-09-25,HFCL.NS,HFCL,211.27,0.5309,NEUTRAL,0.005,,,
2026-09-25,SCHNEIDER.NS,SCHNEIDER,1209.5,0.6192,UP,0.0039,,,
2026-09-25,MINDACORP.NS,MINDACORP,678.85,0.5918,UP,0.0028,,,
2026-09-25,IDFCFIRSTB.NS,IDFCFIRSTB,83.8,0.5848,UP,0.0062,,,
2026-09-25,MEESHO.NS,MEESHO,217.06,0.6482,STRONG UP,0.0068,,,
2026-09-25,CASTROLIND.NS,CASTROLIND,201.67,0.5963,UP,0.0029,,,
2026-09-25,MAXHEALTH.NS,MAXHEALTH,1014.0,0.6149,UP,0.0064,,,
2026-09-25,SIGNATURE.NS,SIGNATURE,788.85,0.5405,NEUTRAL,-0.0016,,,
2026-09-25,CESC.NS,CESC,139.86,0.5715,UP,0.0082,,,
2026-09-25,SBIN.NS,SBIN,983.0,0.5656,UP,0.0061,,,
2026-09-25,GVT&D.NS,GVT&D,4280.0,0.6021,UP,0.0003,,,
2026-09-25,INDGN.NS,INDGN,608.95,0.6809,STRONG UP,0.0056,,,
2026-09-25,STARHEALTH.NS,STARHEALTH,558.15,0.5877,UP,0.0033,,,
2026-09-25,MARICO.NS,MARICO,819.0,0.5837,UP,0.0066,,,
2026-09-25,HEGAM.NS,HEGAM,244.35,0.5311,NEUTRAL,0.0066,,,
2026-09-25,GAIL.NS,GAIL,172.7,0.643,STRONG UP,0.0101,,,
2026-09-25,MARUTI.NS,MARUTI,12065.0,0.591,UP,0.0112,,,
2026-09-25,SONACOMS.NS,SONACOMS,824.5,0.6458,STRONG UP,0.006,,,
2026-09-25,ITC.NS,ITC,269.0,0.4625,NEUTRAL,-0.0017,,,
2026-09-25,CAPLIPOINT.NS,CAPLIPOINT,2835.1001,0.6297,STRONG UP,0.0028,,,
2026-09-25,SOLARINDS.NS,SOLARINDS,19745.0,0.5576,UP,0.0005,,,
2026-09-25,ITCHOTELS.NS,ITCHOTELS,161.9,0.6212,STRONG UP,0.0038,,,
2026-09-25,SOBHA.NS,SOBHA,1226.6,0.5501,UP,0.0064,,,
2026-09-25,PFIZER.NS,PFIZER,4000.8,0.5378,NEUTRAL,0.0105,,,
2026-09-25,CARTRADE.NS,CARTRADE,3002.6001,0.6404,STRONG UP,0.0061,,,
2026-09-25,GRSE.NS,GRSE,2319.0,0.5691,UP,0.0091,,,
2026-09-25,BERGEPAINT.NS,BERGEPAINT,458.35,0.524,NEUTRAL,0.0021,,,
